staffid,salary,max tax rate,20% rate tax paid,40% rate tax paid,45% rate tax paid,total tax paid
1000,173197.95,45% rate,7540.0,29948.0,21626.077500000007,59114.07750000001
1001,166864.48,45% rate,7540.0,29948.0,18776.016000000007,56264.016
1007,27969.52,20% rate,3079.9040000000005,0.0,0.0,3079.9040000000005
1010,111033.29000000001,40% rate,7540.0,24305.316000000006,0.0,31845.316000000006
1012,115739.53,40% rate,7540.0,26187.812,0.0,33727.812000000005
1015,82809.8,40% rate,7540.0,13015.920000000002,0.0,20555.920000000002
1016,115263.65,40% rate,7540.0,25997.46,0.0,33537.46
1022,73183.29,40% rate,7540.0,9165.315999999997,0.0,16705.316
1023,88735.89,40% rate,7540.0,15386.356,0.0,22926.356
1024,121079.03,40% rate,7540.0,28323.612,0.0,35863.612
1025,177461.52,45% rate,7540.0,29948.0,23544.683999999997,61032.683999999994
1026,80955.64,40% rate,7540.0,12274.256000000001,0.0,19814.256
1027,73328.14,40% rate,7540.0,9223.256,0.0,16763.256
1030,27611.88,20% rate,3008.376,0.0,0.0,3008.376
1032,199202.05,45% rate,7540.0,29948.0,33327.92249999999,70815.92249999999
1033,192980.23,45% rate,7540.0,29948.0,30528.103500000005,68016.1035
1034,144502.01,45% rate,7540.0,29948.0,8712.904500000004,46200.904500000004
1036,202416.24,45% rate,7540.0,29948.0,34774.308,72262.30799999999
1041,167224.82,45% rate,7540.0,29948.0,18938.169000000005,56426.16900000001
1042,124078.3,40% rate,7540.0,29523.320000000003,0.0,37063.32000000001
1043,139467.5,45% rate,7540.0,29948.0,6447.375,43935.375
1044,114106.87,40% rate,7540.0,25534.748,0.0,33074.748
1050,35818.14,20% rate,4649.628,0.0,0.0,4649.628
1052,94853.2,40% rate,7540.0,17833.28,0.0,25373.28
1054,117861.59,40% rate,7540.0,27036.636,0.0,34576.636
1055,190298.94,45% rate,7540.0,29948.0,29321.523,66809.523
1057,75584.83,40% rate,7540.0,10125.932,0.0,17665.932
1058,124332.11,40% rate,7540.0,29624.844,0.0,37164.844
1060,86985.9,40% rate,7540.0,14686.359999999999,0.0,22226.36
1062,41484.62,20% rate,5782.924000000001,0.0,0.0,5782.924000000001
1063,122353.06,40% rate,7540.0,28833.224000000002,0.0,36373.224
1065,191029.6,45% rate,7540.0,29948.0,29650.320000000003,67138.32
1072,157186.84,45% rate,7540.0,29948.0,14421.078,51909.078
1073,145566.33,45% rate,7540.0,29948.0,9191.848499999995,46679.84849999999
1074,153292.14,45% rate,7540.0,29948.0,12668.463000000007,50156.463
1076,36238.45,20% rate,4733.69,0.0,0.0,4733.69
1077,167418.58,45% rate,7540.0,29948.0,19025.360999999994,56513.36099999999
1081,168706.68,45% rate,7540.0,29948.0,19605.005999999998,57093.005999999994
1082,65714.25,40% rate,7540.0,6177.700000000001,0.0,13717.7
1085,26941.5,20% rate,2874.3,0.0,0.0,2874.3
1086,14061.51,20% rate,298.3020000000001,0.0,0.0,298.3020000000001
1087,181285.61,45% rate,7540.0,29948.0,25265.524499999996,62753.5245
1089,122534.52,40% rate,7540.0,28905.808000000005,0.0,36445.808000000005
1092,98903.71,40% rate,7540.0,19453.484000000004,0.0,26993.484000000004
1094,51082.35,40% rate,7540.0,324.93999999999943,0.0,7864.94
1096,87449.75,40% rate,7540.0,14871.900000000001,0.0,22411.9
1106,81232.41,40% rate,7540.0,12384.964000000002,0.0,19924.964
1109,73755.92,40% rate,7540.0,9394.368,0.0,16934.368000000002
1110,125507.9,45% rate,7540.0,29948.0,165.5549999999974,37653.555
1111,159512.88999999998,45% rate,7540.0,29948.0,15467.800499999994,52955.8005
1112,153295.98,45% rate,7540.0,29948.0,12670.191000000004,50158.191000000006
1114,160094.59,45% rate,7540.0,29948.0,15729.565499999999,53217.5655
1124,118334.49,40% rate,7540.0,27225.796000000002,0.0,34765.796
1127,129149.95,45% rate,7540.0,29948.0,1804.4774999999988,39292.4775
1129,94177.73,40% rate,7540.0,17563.092,0.0,25103.092
1131,26076.91,20% rate,2701.382,0.0,0.0,2701.382
1133,93097.37,40% rate,7540.0,17130.948,0.0,24670.948
1134,41242.13,20% rate,5734.4259999999995,0.0,0.0,5734.4259999999995
1138,149749.31,45% rate,7540.0,29948.0,11074.189499999999,48562.1895
1139,188543.5,45% rate,7540.0,29948.0,28531.575,66019.575
1140,149960.11,45% rate,7540.0,29948.0,11169.049499999994,48657.049499999994
1142,64523.46,40% rate,7540.0,5701.384,0.0,13241.384
1146,107295.73,40% rate,7540.0,22810.292,0.0,30350.292
1147,192108.16999999998,45% rate,7540.0,29948.0,30135.676499999994,67623.6765
1151,77552.23,40% rate,7540.0,10912.892,0.0,18452.892
1152,88558.29000000001,40% rate,7540.0,15315.316000000004,0.0,22855.316000000006
1153,79972.86,40% rate,7540.0,11881.144,0.0,19421.144
1157,80678.91,40% rate,7540.0,12163.564000000002,0.0,19703.564000000002
1162,110332.56999999999,40% rate,7540.0,24025.028,0.0,31565.028
1166,92260.9,40% rate,7540.0,16796.359999999997,0.0,24336.359999999997
1168,110605.54999999999,40% rate,7540.0,24134.219999999998,0.0,31674.219999999998
1170,48438.36,20% rate,7173.6720000000005,0.0,0.0,7173.6720000000005
1173,75032.95999999999,40% rate,7540.0,9905.183999999997,0.0,17445.183999999997
1175,150675.37,45% rate,7540.0,29948.0,11490.916499999998,48978.9165
1185,151887.19,45% rate,7540.0,29948.0,12036.2355,49524.2355
1186,117462.51000000001,40% rate,7540.0,26877.004000000004,0.0,34417.004
1188,144117.96,45% rate,7540.0,29948.0,8540.081999999997,46028.081999999995
1194,83234.72,40% rate,7540.0,13185.888,0.0,20725.888
1198,72693.67,40% rate,7540.0,8969.467999999999,0.0,16509.468
1202,189307.34,45% rate,7540.0,29948.0,28875.303,66363.303
1204,35218.05,20% rate,4529.610000000001,0.0,0.0,4529.610000000001
1206,147504.35,45% rate,7540.0,29948.0,10063.957500000002,47551.957500000004
1207,156569.3,45% rate,7540.0,29948.0,14143.184999999996,51631.185
1208,59537.68,40% rate,7540.0,3707.072,0.0,11247.072
1213,143386.81,45% rate,7540.0,29948.0,8211.064499999999,45699.0645
1220,30042.47,20% rate,3494.4940000000006,0.0,0.0,3494.4940000000006
1221,133195.63,45% rate,7540.0,29948.0,3625.0335000000023,41113.033500000005
1222,132344.91,45% rate,7540.0,29948.0,3242.2095000000018,40730.209500000004
1225,52022.51,40% rate,7540.0,701.0040000000008,0.0,8241.004
1228,41426.53,20% rate,5771.3060000000005,0.0,0.0,5771.3060000000005
1232,181794.69,45% rate,7540.0,29948.0,25494.610500000003,62982.6105
1239,179765.04,45% rate,7540.0,29948.0,24581.268000000004,62069.268000000004
1243,145415.63,45% rate,7540.0,29948.0,9124.033500000003,46612.033500000005
1244,169801.38,45% rate,7540.0,29948.0,20097.621000000003,57585.621
1246,142464.0,45% rate,7540.0,29948.0,7795.8,45283.8
1248,96283.79,40% rate,7540.0,18405.516,0.0,25945.516
1251,71394.64,40% rate,7540.0,8449.856,0.0,15989.856
1252,44776.07,20% rate,6441.214,0.0,0.0,6441.214
1255,166057.09,45% rate,7540.0,29948.0,18412.6905,55900.6905
1258,62898.21,40% rate,7540.0,5051.284,0.0,12591.284
1259,119090.63,40% rate,7540.0,27528.252000000004,0.0,35068.25200000001
1262,59313.05,40% rate,7540.0,3617.220000000001,0.0,11157.220000000001
1268,158963.43,45% rate,7540.0,29948.0,15220.543499999998,52708.5435
1272,194645.32,45% rate,7540.0,29948.0,31277.394000000004,68765.394
1277,141137.05,45% rate,7540.0,29948.0,7198.672499999995,44686.67249999999
1280,13610.33,20% rate,208.066,0.0,0.0,208.066
1282,65912.87,40% rate,7540.0,6257.147999999998,0.0,13797.147999999997
1284,156131.81,45% rate,7540.0,29948.0,13946.314499999999,51434.3145
1285,41350.65,20% rate,5756.130000000001,0.0,0.0,5756.130000000001
1286,42349.97,20% rate,5955.994000000001,0.0,0.0,5955.994000000001
1287,198031.75,45% rate,7540.0,29948.0,32801.2875,70289.2875
1292,103215.3,40% rate,7540.0,21178.120000000003,0.0,28718.120000000003
1293,30175.09,20% rate,3521.018,0.0,0.0,3521.018
1296,145496.84,45% rate,7540.0,29948.0,9160.578,46648.578
1297,58742.09,40% rate,7540.0,3388.835999999999,0.0,10928.836
1307,57702.72,40% rate,7540.0,2973.0880000000006,0.0,10513.088
1310,158200.18,45% rate,7540.0,29948.0,14877.080999999996,52365.081
1313,173259.17,45% rate,7540.0,29948.0,21653.626500000006,59141.626500000006
1321,98253.09,40% rate,7540.0,19193.236,0.0,26733.236
1323,77411.59,40% rate,7540.0,10856.635999999999,0.0,18396.636
1325,124835.72,40% rate,7540.0,29826.288,0.0,37366.288
1327,60818.6,40% rate,7540.0,4219.44,0.0,11759.439999999999
1328,131983.61,45% rate,7540.0,29948.0,3079.624499999994,40567.62449999999
1331,134936.51,45% rate,7540.0,29948.0,4408.429500000005,41896.429500000006
1334,188019.32,45% rate,7540.0,29948.0,28295.694000000003,65783.694
1336,190542.16999999998,45% rate,7540.0,29948.0,29430.976499999993,66918.97649999999
1337,89376.1,40% rate,7540.0,15642.440000000002,0.0,23182.440000000002
1339,96427.35,40% rate,7540.0,18462.940000000002,0.0,26002.940000000002
1340,33770.85,20% rate,4240.17,0.0,0.0,4240.17
1342,167681.71,45% rate,7540.0,29948.0,19143.7695,56631.769499999995
1344,40200.62,20% rate,5526.124000000001,0.0,0.0,5526.124000000001
1346,130903.91,45% rate,7540.0,29948.0,2593.7595000000015,40081.7595
1347,48773.14,20% rate,7240.628000000001,0.0,0.0,7240.628000000001
1352,78842.92,40% rate,7540.0,11429.168,0.0,18969.167999999998
1357,49377.71,20% rate,7361.542,0.0,0.0,7361.542
1368,46319.04,20% rate,6749.808000000001,0.0,0.0,6749.808000000001
1369,65195.7,40% rate,7540.0,5970.279999999999,0.0,13510.279999999999
1370,181272.66,45% rate,7540.0,29948.0,25259.697000000004,62747.697
1371,175931.4,45% rate,7540.0,29948.0,22856.129999999997,60344.13
1375,91499.53,40% rate,7540.0,16491.812,0.0,24031.812
1376,75110.31,40% rate,7540.0,9936.124,0.0,17476.124
1381,37159.0,20% rate,4917.8,0.0,0.0,4917.8
1383,44400.24,20% rate,6366.048,0.0,0.0,6366.048
1392,112986.6,40% rate,7540.0,25086.640000000003,0.0,32626.640000000003
1393,170722.79,45% rate,7540.0,29948.0,20512.255500000003,58000.2555
1394,136230.5,45% rate,7540.0,29948.0,4990.725,42478.725
1396,41852.8,20% rate,5856.560000000001,0.0,0.0,5856.560000000001
1397,131266.49,45% rate,7540.0,29948.0,2756.920499999996,40244.92049999999
1398,96864.74,40% rate,7540.0,18637.896000000004,0.0,26177.896000000004
1402,190843.63999999998,45% rate,7540.0,29948.0,29566.637999999995,67054.63799999999
1411,36829.18,20% rate,4851.836,0.0,0.0,4851.836
1414,129347.77,45% rate,7540.0,29948.0,1893.4965000000018,39381.4965
1417,119709.73,40% rate,7540.0,27775.892,0.0,35315.892
1421,91709.37,40% rate,7540.0,16575.748,0.0,24115.748
1422,163852.93,45% rate,7540.0,29948.0,17420.818499999998,54908.818499999994
1423,81786.33,40% rate,7540.0,12606.532000000001,0.0,20146.532
1430,78173.98,40% rate,7540.0,11161.591999999999,0.0,18701.591999999997
1438,116499.24,40% rate,7540.0,26491.696000000004,0.0,34031.696
1442,114305.95,40% rate,7540.0,25614.38,0.0,33154.380000000005
1444,167530.28,45% rate,7540.0,29948.0,19075.626,56563.626000000004
1445,151611.77,45% rate,7540.0,29948.0,11912.296499999995,49400.2965
1455,89973.23,40% rate,7540.0,15881.292,0.0,23421.292
1458,126943.34,45% rate,7540.0,29948.0,811.5029999999985,38299.503
1459,128456.0,45% rate,7540.0,29948.0,1492.2,38980.2
1467,26353.72,20% rate,2756.7440000000006,0.0,0.0,2756.7440000000006
1468,139928.28,45% rate,7540.0,29948.0,6654.726,44142.726
1470,97448.97,40% rate,7540.0,18871.588,0.0,26411.588
1471,38365.28,20% rate,5159.0560000000005,0.0,0.0,5159.0560000000005
1472,46179.59,20% rate,6721.918,0.0,0.0,6721.918
1476,26759.9,20% rate,2837.9800000000005,0.0,0.0,2837.9800000000005
1478,151002.82,45% rate,7540.0,29948.0,11638.269000000004,49126.269
1479,32503.21,20% rate,3986.642,0.0,0.0,3986.642
1481,130781.22,45% rate,7540.0,29948.0,2538.5490000000004,40026.549
1483,142213.72,45% rate,7540.0,29948.0,7683.174000000001,45171.174
1489,18035.14,20% rate,1093.028,0.0,0.0,1093.028
1491,67385.67,40% rate,7540.0,6846.268,0.0,14386.268
1492,54724.18,40% rate,7540.0,1781.6720000000003,0.0,9321.672
1493,31139.81,20% rate,3713.9620000000004,0.0,0.0,3713.9620000000004
1494,132428.78,45% rate,7540.0,29948.0,3279.9509999999996,40767.951
1496,95863.51000000001,40% rate,7540.0,18237.404000000006,0.0,25777.404000000006
1497,132424.81,45% rate,7540.0,29948.0,3278.164499999999,40766.1645
1499,115822.93,40% rate,7540.0,26221.172,0.0,33761.172
1501,185473.85,45% rate,7540.0,29948.0,27150.232500000002,64638.2325
1504,22264.07,20% rate,1938.814,0.0,0.0,1938.814
1505,177313.4,45% rate,7540.0,29948.0,23478.03,60966.03
1507,80874.70999999999,40% rate,7540.0,12241.883999999998,0.0,19781.884
1509,35725.95,20% rate,4631.19,0.0,0.0,4631.19
1510,29249.25,20% rate,3335.8500000000004,0.0,0.0,3335.8500000000004
1514,81824.26,40% rate,7540.0,12621.703999999998,0.0,20161.703999999998
1515,24269.71,20% rate,2339.942,0.0,0.0,2339.942
1516,35629.770000000004,20% rate,4611.954000000001,0.0,0.0,4611.954000000001
1519,108441.9,40% rate,7540.0,23268.76,0.0,30808.76
1520,164689.7,45% rate,7540.0,29948.0,17797.365000000005,55285.365000000005
1521,97028.25,40% rate,7540.0,18703.3,0.0,26243.3
1524,127441.73000000001,45% rate,7540.0,29948.0,1035.7785000000047,38523.77850000001
1525,51106.85,40% rate,7540.0,334.73999999999944,0.0,7874.74
1526,43711.88,20% rate,6228.376,0.0,0.0,6228.376
1527,89835.52,40% rate,7540.0,15826.208000000002,0.0,23366.208000000002
1530,20802.010000000002,20% rate,1646.4020000000005,0.0,0.0,1646.4020000000005
1533,164541.45,45% rate,7540.0,29948.0,17730.652500000007,55218.65250000001
1536,83122.53,40% rate,7540.0,13141.012,0.0,20681.012000000002
1537,134248.23,45% rate,7540.0,29948.0,4098.703500000005,41586.7035
1538,119868.93,40% rate,7540.0,27839.572,0.0,35379.572
1543,130118.34,45% rate,7540.0,29948.0,2240.2529999999983,39728.253
1546,14973.78,20% rate,480.75600000000014,0.0,0.0,480.75600000000014
1547,129792.87,45% rate,7540.0,29948.0,2093.791499999998,39581.7915
1548,103192.34,40% rate,7540.0,21168.936,0.0,28708.936
1549,79319.29,40% rate,7540.0,11619.715999999999,0.0,19159.716
1554,196219.44,45% rate,7540.0,29948.0,31985.748000000003,69473.748
1556,166750.91,45% rate,7540.0,29948.0,18724.9095,56212.9095
1560,17587.83,20% rate,1003.5660000000004,0.0,0.0,1003.5660000000004
1564,150841.41,45% rate,7540.0,29948.0,11565.634500000002,49053.6345
1568,81819.35,40% rate,7540.0,12619.740000000003,0.0,20159.740000000005
1577,28771.41,20% rate,3240.282,0.0,0.0,3240.282
1582,35525.84,20% rate,4591.168,0.0,0.0,4591.168
1583,113045.14,40% rate,7540.0,25110.056,0.0,32650.056
1585,151371.97,45% rate,7540.0,29948.0,11804.3865,49292.3865
1586,86602.47,40% rate,7540.0,14532.988000000001,0.0,22072.988
1587,102197.02,40% rate,7540.0,20770.808000000005,0.0,28310.808000000005
1588,26926.28,20% rate,2871.256,0.0,0.0,2871.256
1590,103016.93000000001,40% rate,7540.0,21098.772000000004,0.0,28638.772000000004
1595,124870.72,40% rate,7540.0,29840.288,0.0,37380.288
1596,75106.59,40% rate,7540.0,9934.635999999999,0.0,17474.636
1597,103921.17,40% rate,7540.0,21460.468,0.0,29000.468
1600,178995.96,45% rate,7540.0,29948.0,24235.181999999997,61723.182
1601,63954.0,40% rate,7540.0,5473.6,0.0,13013.6
1602,106564.99,40% rate,7540.0,22517.996000000003,0.0,30057.996000000003
1603,190086.0,45% rate,7540.0,29948.0,29225.7,66713.7
1604,117777.62,40% rate,7540.0,27003.048,0.0,34543.047999999995
1606,105955.04,40% rate,7540.0,22274.016,0.0,29814.016
1608,112265.31,40% rate,7540.0,24798.124,0.0,32338.124
1609,123789.31,40% rate,7540.0,29407.724000000002,0.0,36947.724
1611,28832.74,20% rate,3252.5480000000007,0.0,0.0,3252.5480000000007
1612,45890.369999999995,20% rate,6664.074,0.0,0.0,6664.074
1613,197157.06,45% rate,7540.0,29948.0,32407.677,69895.677
1614,21577.46,20% rate,1801.492,0.0,0.0,1801.492
1615,103756.95,40% rate,7540.0,21394.78,0.0,28934.78
1617,193975.98,45% rate,7540.0,29948.0,30976.191000000006,68464.191
1618,49835.34,20% rate,7453.067999999999,0.0,0.0,7453.067999999999
1623,95326.0,40% rate,7540.0,18022.4,0.0,25562.4
1626,162680.99,45% rate,7540.0,29948.0,16893.445499999998,54381.4455
1630,155878.32,45% rate,7540.0,29948.0,13832.244000000004,51320.244000000006
1633,142298.54,45% rate,7540.0,29948.0,7721.3430000000035,45209.343
1634,117858.95,40% rate,7540.0,27035.58,0.0,34575.58
1636,32503.93,20% rate,3986.786,0.0,0.0,3986.786
1638,191845.68,45% rate,7540.0,29948.0,30017.555999999997,67505.556
1639,46723.96,20% rate,6830.792,0.0,0.0,6830.792
1642,142557.22,45% rate,7540.0,29948.0,7837.749000000001,45325.749
1643,72401.13,40% rate,7540.0,8852.452000000003,0.0,16392.452000000005
1644,80381.17,40% rate,7540.0,12044.468,0.0,19584.468
1645,144910.1,45% rate,7540.0,29948.0,8896.545000000004,46384.545000000006
1647,13335.2,20% rate,153.04000000000016,0.0,0.0,153.04000000000016
1650,109927.3,40% rate,7540.0,23862.920000000002,0.0,31402.920000000002
1651,194883.9,45% rate,7540.0,29948.0,31384.754999999997,68872.755
1657,105906.5,40% rate,7540.0,22254.600000000002,0.0,29794.600000000002
1663,52615.1,40% rate,7540.0,938.0399999999995,0.0,8478.039999999999
1667,154810.41,45% rate,7540.0,29948.0,13351.684500000001,50839.6845
1669,89039.54,40% rate,7540.0,15507.815999999999,0.0,23047.816
1670,182674.44,45% rate,7540.0,29948.0,25890.498000000003,63378.49800000001
1671,32401.87,20% rate,3966.374,0.0,0.0,3966.374
1672,186479.97,45% rate,7540.0,29948.0,27602.986500000003,65090.9865
1674,60294.159999999996,40% rate,7540.0,4009.663999999999,0.0,11549.663999999999
1679,135434.28,45% rate,7540.0,29948.0,4632.4259999999995,42120.426
1680,133665.14,45% rate,7540.0,29948.0,3836.3130000000065,41324.31300000001
1681,153392.58,45% rate,7540.0,29948.0,12713.660999999995,50201.66099999999
1692,87860.65,40% rate,7540.0,15036.259999999998,0.0,22576.26
1701,102302.61,40% rate,7540.0,20813.044,0.0,28353.044
1702,42177.66,20% rate,5921.532000000001,0.0,0.0,5921.532000000001
1703,173868.37,45% rate,7540.0,29948.0,21927.766499999998,59415.7665
1709,48651.2,20% rate,7216.24,0.0,0.0,7216.24
1711,143931.2,45% rate,7540.0,29948.0,8456.040000000006,45944.04000000001
1718,155106.88,45% rate,7540.0,29948.0,13485.096000000003,50973.096000000005
1720,194414.6,45% rate,7540.0,29948.0,31173.570000000003,68661.57
1721,130548.28,45% rate,7540.0,29948.0,2433.7259999999997,39921.726
1722,108354.82,40% rate,7540.0,23233.928000000004,0.0,30773.928000000004
1724,68603.92,40% rate,7540.0,7333.567999999999,0.0,14873.568
1728,55672.22,40% rate,7540.0,2160.8880000000004,0.0,9700.888
1730,80466.87,40% rate,7540.0,12078.748,0.0,19618.748
1732,118170.17,40% rate,7540.0,27160.068,0.0,34700.068
1733,164194.57,45% rate,7540.0,29948.0,17574.556500000002,55062.556500000006
1738,106394.68,40% rate,7540.0,22449.872,0.0,29989.872
1739,114505.62,40% rate,7540.0,25694.248,0.0,33234.248
1747,64080.54,40% rate,7540.0,5524.216,0.0,13064.216
1754,16359.67,20% rate,757.9340000000001,0.0,0.0,757.9340000000001
1755,95180.11,40% rate,7540.0,17964.044,0.0,25504.044
1756,66031.92,40% rate,7540.0,6304.768,0.0,13844.768
1757,153480.14,45% rate,7540.0,29948.0,12753.063000000007,50241.06300000001
1759,19394.64,20% rate,1364.9279999999999,0.0,0.0,1364.9279999999999
1760,159324.73,45% rate,7540.0,29948.0,15383.128500000004,52871.128500000006
1762,158466.04,45% rate,7540.0,29948.0,14996.718000000004,52484.71800000001
1764,59389.18,40% rate,7540.0,3647.6720000000005,0.0,11187.672
1766,179575.5,45% rate,7540.0,29948.0,24495.975000000002,61983.975000000006
1767,84903.24,40% rate,7540.0,13853.296000000002,0.0,21393.296000000002
1768,42932.17,20% rate,6072.434,0.0,0.0,6072.434
1769,173067.7,45% rate,7540.0,29948.0,21567.465000000007,59055.46500000001
1773,76485.74,40% rate,7540.0,10486.296000000002,0.0,18026.296000000002
1774,59521.19,40% rate,7540.0,3700.476000000001,0.0,11240.476
1777,123029.29000000001,40% rate,7540.0,29103.716000000004,0.0,36643.716
1779,149030.28,45% rate,7540.0,29948.0,10750.626,48238.626000000004
1784,36407.64,20% rate,4767.528,0.0,0.0,4767.528
1786,176204.72999999998,45% rate,7540.0,29948.0,22979.12849999999,60467.12849999999
1787,156248.01,45% rate,7540.0,29948.0,13998.604500000005,51486.6045
1790,29517.06,20% rate,3389.4120000000003,0.0,0.0,3389.4120000000003
1794,77827.08,40% rate,7540.0,11022.832000000002,0.0,18562.832000000002
1795,124591.84,40% rate,7540.0,29728.736,0.0,37268.736000000004
1797,101755.91,40% rate,7540.0,20594.364,0.0,28134.364
1798,120402.94,40% rate,7540.0,28053.176000000003,0.0,35593.17600000001
1799,182109.19,45% rate,7540.0,29948.0,25636.1355,63124.135500000004
1802,60162.729999999996,40% rate,7540.0,3957.0919999999987,0.0,11497.091999999999
1803,43907.6,20% rate,6267.52,0.0,0.0,6267.52
1809,31192.510000000002,20% rate,3724.5020000000004,0.0,0.0,3724.5020000000004
1810,94389.76,40% rate,7540.0,17647.904,0.0,25187.904
1811,22616.13,20% rate,2009.2260000000003,0.0,0.0,2009.2260000000003
1813,179082.65,45% rate,7540.0,29948.0,24274.192499999997,61762.1925
1814,166483.8,45% rate,7540.0,29948.0,18604.709999999995,56092.70999999999
1815,21108.42,20% rate,1707.6839999999997,0.0,0.0,1707.6839999999997
1819,186804.7,45% rate,7540.0,29948.0,27749.115000000005,65237.115000000005
1821,16806.15,20% rate,847.2300000000004,0.0,0.0,847.2300000000004
1822,154118.05,45% rate,7540.0,29948.0,13040.122499999996,50528.1225
1824,31635.47,20% rate,3813.0940000000005,0.0,0.0,3813.0940000000005
1826,91641.16,40% rate,7540.0,16548.464000000004,0.0,24088.464000000004
1828,172115.61,45% rate,7540.0,29948.0,21139.024499999996,58627.0245
1829,73208.09,40% rate,7540.0,9175.235999999999,0.0,16715.235999999997
1830,140374.2,45% rate,7540.0,29948.0,6855.390000000006,44343.39000000001
1831,23087.54,20% rate,2103.5080000000003,0.0,0.0,2103.5080000000003
1835,64101.08,40% rate,7540.0,5532.432000000001,0.0,13072.432
1839,79315.17,40% rate,7540.0,11618.068,0.0,19158.068
1840,58997.85,40% rate,7540.0,3491.1399999999994,0.0,11031.14
1841,138567.96,45% rate,7540.0,29948.0,6042.581999999997,43530.581999999995
1845,142600.87,45% rate,7540.0,29948.0,7857.391499999998,45345.3915
1846,31689.69,20% rate,3823.938,0.0,0.0,3823.938
1847,46392.29,20% rate,6764.4580000000005,0.0,0.0,6764.4580000000005
1848,159738.55,45% rate,7540.0,29948.0,15569.347499999994,53057.347499999996
1849,59798.44,40% rate,7540.0,3811.376000000001,0.0,11351.376
1850,113413.52,40% rate,7540.0,25257.408000000003,0.0,32797.408
1856,195864.75,45% rate,7540.0,29948.0,31826.1375,69314.1375
1861,96860.04000000001,40% rate,7540.0,18636.016000000003,0.0,26176.016000000003
1866,149855.61000000002,45% rate,7540.0,29948.0,11122.024500000007,48610.02450000001
1867,109368.47,40% rate,7540.0,23639.388000000003,0.0,31179.388000000003
1871,69255.41,40% rate,7540.0,7594.164000000002,0.0,15134.164
1873,99805.33,40% rate,7540.0,19814.132,0.0,27354.132
1874,191452.79,45% rate,7540.0,29948.0,29840.755500000003,67328.7555
1875,98637.95,40% rate,7540.0,19347.18,0.0,26887.18
1876,24284.79,20% rate,2342.958,0.0,0.0,2342.958
1877,162296.23,45% rate,7540.0,29948.0,16720.303500000005,54208.30350000001
1878,13206.71,20% rate,127.34199999999983,0.0,0.0,127.34199999999983
1879,97968.1,40% rate,7540.0,19079.24,0.0,26619.24
1881,52943.29,40% rate,7540.0,1069.3160000000005,0.0,8609.316
1882,74122.69,40% rate,7540.0,9541.076000000001,0.0,17081.076
1885,48561.39,20% rate,7198.278,0.0,0.0,7198.278
1886,53845.79,40% rate,7540.0,1430.3160000000005,0.0,8970.316
1887,138100.36,45% rate,7540.0,29948.0,5832.161999999994,43320.162
1888,145272.0,45% rate,7540.0,29948.0,9059.4,46547.4
1891,43633.34,20% rate,6212.668,0.0,0.0,6212.668
1892,71799.23,40% rate,7540.0,8611.692,0.0,16151.692
1896,40110.42,20% rate,5508.084,0.0,0.0,5508.084
1898,187990.32,45% rate,7540.0,29948.0,28282.644000000004,65770.644
1902,196153.59,45% rate,7540.0,29948.0,31956.1155,69444.1155
1906,141320.59,45% rate,7540.0,29948.0,7281.265499999999,44769.2655
1907,22413.91,20% rate,1968.7820000000002,0.0,0.0,1968.7820000000002
1908,22246.86,20% rate,1935.3720000000003,0.0,0.0,1935.3720000000003
1909,47771.49,20% rate,7040.298,0.0,0.0,7040.298
1910,90804.14,40% rate,7540.0,16213.656,0.0,23753.656000000003
1911,103796.53,40% rate,7540.0,21410.612,0.0,28950.612
1912,78878.66,40% rate,7540.0,11443.464000000002,0.0,18983.464
1914,21527.2,20% rate,1791.4400000000003,0.0,0.0,1791.4400000000003
1915,122382.66,40% rate,7540.0,28845.064000000002,0.0,36385.064
1916,41897.39,20% rate,5865.478,0.0,0.0,5865.478
1917,176285.35,45% rate,7540.0,29948.0,23015.407500000005,60503.4075
1926,120441.44,40% rate,7540.0,28068.576,0.0,35608.576
1927,99752.95,40% rate,7540.0,19793.18,0.0,27333.18
1928,189108.81,45% rate,7540.0,29948.0,28785.9645,66273.9645
1929,61660.600000000006,40% rate,7540.0,4556.2400000000025,0.0,12096.240000000002
1930,151889.54,45% rate,7540.0,29948.0,12037.293000000003,49525.293000000005
1932,55653.119999999995,40% rate,7540.0,2153.2479999999982,0.0,9693.247999999998
1933,106742.82,40% rate,7540.0,22589.128000000004,0.0,30129.128000000004
1934,143868.04,45% rate,7540.0,29948.0,8427.618000000004,45915.618
1938,70864.23,40% rate,7540.0,8237.692,0.0,15777.692
1943,124077.56,40% rate,7540.0,29523.024,0.0,37063.024000000005
1945,146556.37,45% rate,7540.0,29948.0,9637.366499999998,47125.3665
1946,87618.19,40% rate,7540.0,14939.276000000002,0.0,22479.276
1947,95874.98,40% rate,7540.0,18241.992,0.0,25781.992
1956,127095.65,45% rate,7540.0,29948.0,880.0424999999974,38368.042499999996
1958,150410.03,45% rate,7540.0,29948.0,11371.5135,48859.5135
1960,102013.53,40% rate,7540.0,20697.412,0.0,28237.412
1961,53259.14,40% rate,7540.0,1195.6559999999997,0.0,8735.655999999999
1963,82008.64,40% rate,7540.0,12695.456,0.0,20235.456
1965,51073.37,40% rate,7540.0,321.3480000000011,0.0,7861.348000000001
1968,154318.35,45% rate,7540.0,29948.0,13130.257500000003,50618.25750000001
1971,136236.02,45% rate,7540.0,29948.0,4993.208999999995,42481.208999999995
1973,141921.12,45% rate,7540.0,29948.0,7551.503999999998,45039.504
1977,145839.61,45% rate,7540.0,29948.0,9314.824499999993,46802.824499999995
1978,17134.85,20% rate,912.9699999999998,0.0,0.0,912.9699999999998
1979,68255.61,40% rate,7540.0,7194.244000000001,0.0,14734.244
1983,32727.0,20% rate,4031.4,0.0,0.0,4031.4
1986,21408.54,20% rate,1767.7080000000003,0.0,0.0,1767.7080000000003
1989,137628.61,45% rate,7540.0,29948.0,5619.8744999999935,43107.87449999999
1992,19454.01,20% rate,1376.8019999999997,0.0,0.0,1376.8019999999997
1998,38777.61,20% rate,5241.522000000001,0.0,0.0,5241.522000000001
2004,150301.16,45% rate,7540.0,29948.0,11322.522000000003,48810.522000000004
2009,100639.53,40% rate,7540.0,20147.812,0.0,27687.812
2012,119187.83,40% rate,7540.0,27567.132,0.0,35107.132
2022,63795.41,40% rate,7540.0,5410.164000000002,0.0,12950.164
2024,62279.54,40% rate,7540.0,4803.816000000001,0.0,12343.816
2026,68258.22,40% rate,7540.0,7195.2880000000005,0.0,14735.288
2028,139169.38,45% rate,7540.0,29948.0,6313.221000000002,43801.221000000005
2029,168761.94,45% rate,7540.0,29948.0,19629.873000000003,57117.87300000001
2030,110025.68,40% rate,7540.0,23902.271999999997,0.0,31442.271999999997
2035,116507.04000000001,40% rate,7540.0,26494.816000000006,0.0,34034.816000000006
2038,51412.26,40% rate,7540.0,456.90400000000085,0.0,7996.904
2039,102451.55,40% rate,7540.0,20872.620000000003,0.0,28412.620000000003
2045,107835.32999999999,40% rate,7540.0,23026.131999999998,0.0,30566.131999999998
2048,172658.81,45% rate,7540.0,29948.0,21383.4645,58871.4645
2051,50560.99,40% rate,7540.0,116.39599999999919,0.0,7656.395999999999
2052,147070.97,45% rate,7540.0,29948.0,9868.936500000002,47356.9365
2054,150247.82,45% rate,7540.0,29948.0,11298.519000000004,48786.519
2055,103091.56,40% rate,7540.0,21128.624,0.0,28668.624
2056,57811.909999999996,40% rate,7540.0,3016.7639999999988,0.0,10556.764
2059,38560.4,20% rate,5198.080000000001,0.0,0.0,5198.080000000001
2062,64628.89,40% rate,7540.0,5743.5560000000005,0.0,13283.556
2064,73983.74,40% rate,7540.0,9485.496000000003,0.0,17025.496000000003
2065,109244.51,40% rate,7540.0,23589.804,0.0,31129.804
2066,107059.16,40% rate,7540.0,22715.664000000004,0.0,30255.664000000004
2071,43403.41,20% rate,6166.682000000001,0.0,0.0,6166.682000000001
2075,99685.88,40% rate,7540.0,19766.352000000003,0.0,27306.352000000003
2077,68729.93000000001,40% rate,7540.0,7383.972000000003,0.0,14923.972000000003
2078,175830.76,45% rate,7540.0,29948.0,22810.842000000004,60298.842000000004
2082,130355.68000000001,45% rate,7540.0,29948.0,2347.0560000000037,39835.056000000004
2084,64963.7,40% rate,7540.0,5877.48,0.0,13417.48
2089,57328.23,40% rate,7540.0,2823.2920000000013,0.0,10363.292000000001
2091,118183.34,40% rate,7540.0,27165.336,0.0,34705.335999999996
2092,110703.04000000001,40% rate,7540.0,24173.216000000004,0.0,31713.216000000004
2094,126058.76,45% rate,7540.0,29948.0,413.4419999999977,37901.441999999995
2100,139397.05,45% rate,7540.0,29948.0,6415.672499999995,43903.67249999999
2101,118628.9,40% rate,7540.0,27343.559999999998,0.0,34883.56
2110,100104.41,40% rate,7540.0,19933.764000000003,0.0,27473.764000000003
2113,188342.75,45% rate,7540.0,29948.0,28441.2375,65929.2375
2117,185541.85,45% rate,7540.0,29948.0,27180.832500000004,64668.832500000004
2119,102289.56999999999,40% rate,7540.0,20807.827999999998,0.0,28347.827999999998
2122,47883.32,20% rate,7062.664000000001,0.0,0.0,7062.664000000001
2124,122329.63,40% rate,7540.0,28823.852000000003,0.0,36363.852
2129,120658.06999999999,40% rate,7540.0,28155.228,0.0,35695.228
2130,92677.39,40% rate,7540.0,16962.956000000002,0.0,24502.956000000002
2131,194074.89,45% rate,7540.0,29948.0,31020.700500000006,68508.7005
2132,69810.57,40% rate,7540.0,7816.228000000003,0.0,15356.228000000003
2133,189591.53,45% rate,7540.0,29948.0,29003.1885,66491.1885
2139,27652.95,20% rate,3016.59,0.0,0.0,3016.59
2140,185642.93,45% rate,7540.0,29948.0,27226.318499999998,64714.318499999994
2142,143210.99,45% rate,7540.0,29948.0,8131.945499999996,45619.945499999994
2149,64072.18,40% rate,7540.0,5520.872,0.0,13060.872
2150,42632.8,20% rate,6012.560000000001,0.0,0.0,6012.560000000001
2152,56727.81,40% rate,7540.0,2583.1239999999993,0.0,10123.124
2155,150803.98,45% rate,7540.0,29948.0,11548.791000000005,49036.791000000005
2156,168789.86,45% rate,7540.0,29948.0,19642.436999999994,57130.43699999999
2157,89780.29000000001,40% rate,7540.0,15804.116000000004,0.0,23344.116
2163,136932.67,45% rate,7540.0,29948.0,5306.701500000006,42794.7015
2165,48466.17,20% rate,7179.234,0.0,0.0,7179.234
2168,176379.05,45% rate,7540.0,29948.0,23057.572499999995,60545.572499999995
2169,154523.52,45% rate,7540.0,29948.0,13222.583999999995,50710.583999999995
2172,189893.41,45% rate,7540.0,29948.0,29139.0345,66627.03450000001
2173,106291.01999999999,40% rate,7540.0,22408.407999999996,0.0,29948.407999999996
2177,146906.08,45% rate,7540.0,29948.0,9794.735999999995,47282.736
2178,105327.6,40% rate,7540.0,22023.040000000005,0.0,29563.040000000005
2179,184967.61000000002,45% rate,7540.0,29948.0,26922.42450000001,64410.42450000001
2182,179123.24,45% rate,7540.0,29948.0,24292.457999999995,61780.458
2184,157019.54,45% rate,7540.0,29948.0,14345.793000000003,51833.793000000005
2185,33109.32,20% rate,4107.8640000000005,0.0,0.0,4107.8640000000005
2187,38470.37,20% rate,5180.0740000000005,0.0,0.0,5180.0740000000005
2189,23753.77,20% rate,2236.7540000000004,0.0,0.0,2236.7540000000004
2190,100716.12,40% rate,7540.0,20178.448,0.0,27718.448
2192,77692.61,40% rate,7540.0,10969.044000000002,0.0,18509.044
2197,40325.49,20% rate,5551.098,0.0,0.0,5551.098
2198,21924.12,20% rate,1870.8239999999998,0.0,0.0,1870.8239999999998
2199,97655.92,40% rate,7540.0,18954.368,0.0,26494.368
2202,192445.88,45% rate,7540.0,29948.0,30287.646000000004,67775.64600000001
2205,122824.49,40% rate,7540.0,29021.796000000002,0.0,36561.796
2210,161050.58000000002,45% rate,7540.0,29948.0,16159.761000000008,53647.761000000006
2212,59987.53,40% rate,7540.0,3887.0119999999997,0.0,11427.011999999999
2213,53805.24,40% rate,7540.0,1414.0959999999993,0.0,8954.096
2214,67949.14,40% rate,7540.0,7071.656,0.0,14611.655999999999
2216,123741.4,40% rate,7540.0,29388.559999999998,0.0,36928.56
2217,86564.55,40% rate,7540.0,14517.820000000002,0.0,22057.82
2224,53400.42,40% rate,7540.0,1252.1679999999994,0.0,8792.168
2225,107886.56,40% rate,7540.0,23046.624,0.0,30586.624
2226,111014.74,40% rate,7540.0,24297.896000000004,0.0,31837.896000000004
2227,82137.0,40% rate,7540.0,12746.800000000001,0.0,20286.800000000003
2228,24332.98,20% rate,2352.596,0.0,0.0,2352.596
2229,126821.64,45% rate,7540.0,29948.0,756.7379999999997,38244.738
2230,185659.72,45% rate,7540.0,29948.0,27233.874,64721.873999999996
2231,153603.62,45% rate,7540.0,29948.0,12808.628999999999,50296.629
2232,171020.12,45% rate,7540.0,29948.0,20646.054,58134.054000000004
2235,106340.09,40% rate,7540.0,22428.036,0.0,29968.036
2239,96720.64,40% rate,7540.0,18580.256,0.0,26120.256
2240,18714.96,20% rate,1228.992,0.0,0.0,1228.992
2241,56676.51,40% rate,7540.0,2562.604000000001,0.0,10102.604000000001
2244,25114.38,20% rate,2508.876,0.0,0.0,2508.876
2245,56684.61,40% rate,7540.0,2565.8440000000005,0.0,10105.844000000001
2246,162949.95,45% rate,7540.0,29948.0,17014.477500000005,54502.47750000001
2247,17847.45,20% rate,1055.4900000000002,0.0,0.0,1055.4900000000002
2250,136046.97,45% rate,7540.0,29948.0,4908.1365000000005,42396.1365
2253,176495.78,45% rate,7540.0,29948.0,23110.101,60598.100999999995
2258,27193.66,20% rate,2924.732,0.0,0.0,2924.732
2261,27703.36,20% rate,3026.6720000000005,0.0,0.0,3026.6720000000005
2264,159254.1,45% rate,7540.0,29948.0,15351.345000000003,52839.345
2267,27486.92,20% rate,2983.384,0.0,0.0,2983.384
2271,105585.6,40% rate,7540.0,22126.240000000005,0.0,29666.240000000005
2272,40306.92,20% rate,5547.384,0.0,0.0,5547.384
2279,122460.07,40% rate,7540.0,28876.028000000006,0.0,36416.028000000006
2280,128071.4,45% rate,7540.0,29948.0,1319.1299999999974,38807.13
2282,77253.84,40% rate,7540.0,10793.536,0.0,18333.536
2284,105083.33,40% rate,7540.0,21925.332000000002,0.0,29465.332000000002
2289,80002.0,40% rate,7540.0,11892.800000000001,0.0,19432.800000000003
2290,167509.67,45% rate,7540.0,29948.0,19066.351500000008,56554.351500000004
2291,172549.64,45% rate,7540.0,29948.0,21334.338000000007,58822.338
2294,182487.26,45% rate,7540.0,29948.0,25806.267000000003,63294.26700000001
2296,86333.18,40% rate,7540.0,14425.271999999997,0.0,21965.271999999997
2299,123311.3,40% rate,7540.0,29216.520000000004,0.0,36756.520000000004
2301,108741.57,40% rate,7540.0,23388.628000000004,0.0,30928.628000000004
2303,132933.3,45% rate,7540.0,29948.0,3506.9849999999947,40994.98499999999
2309,184251.79,45% rate,7540.0,29948.0,26600.305500000006,64088.3055
2310,19754.25,20% rate,1436.8500000000001,0.0,0.0,1436.8500000000001
2311,43742.65,20% rate,6234.530000000001,0.0,0.0,6234.530000000001
2312,75676.85,40% rate,7540.0,10162.740000000003,0.0,17702.740000000005
2315,46430.22,20% rate,6772.044000000001,0.0,0.0,6772.044000000001
2319,132595.6,45% rate,7540.0,29948.0,3355.0200000000027,40843.020000000004
2323,23017.75,20% rate,2089.55,0.0,0.0,2089.55
2325,89142.89,40% rate,7540.0,15549.156,0.0,23089.156000000003
2326,74114.93,40% rate,7540.0,9537.971999999998,0.0,17077.971999999998
2328,60332.85,40% rate,7540.0,4025.1399999999994,0.0,11565.14
2331,57842.85,40% rate,7540.0,3029.1399999999994,0.0,10569.14
2332,19393.17,20% rate,1364.6339999999998,0.0,0.0,1364.6339999999998
2336,103369.59,40% rate,7540.0,21239.836,0.0,28779.836
2343,43295.26,20% rate,6145.052000000001,0.0,0.0,6145.052000000001
2345,171759.84,45% rate,7540.0,29948.0,20978.928,58466.928
2348,172395.0,45% rate,7540.0,29948.0,21264.75,58752.75
2349,195446.3,45% rate,7540.0,29948.0,31637.834999999995,69125.83499999999
2352,127741.9,45% rate,7540.0,29948.0,1170.8549999999975,38658.854999999996
2353,48431.12,20% rate,7172.224000000001,0.0,0.0,7172.224000000001
2357,95906.26000000001,40% rate,7540.0,18254.504000000004,0.0,25794.504000000004
2359,42312.229999999996,20% rate,5948.446,0.0,0.0,5948.446
2370,159967.53,45% rate,7540.0,29948.0,15672.3885,53160.3885
2376,117413.82,40% rate,7540.0,26857.528000000006,0.0,34397.528000000006
2378,47763.66,20% rate,7038.732000000001,0.0,0.0,7038.732000000001
2381,13869.27,20% rate,259.8540000000001,0.0,0.0,259.8540000000001
2389,167954.68,45% rate,7540.0,29948.0,19266.605999999996,56754.606
2390,78796.38,40% rate,7540.0,11410.552000000003,0.0,18950.552000000003
2391,187888.62,45% rate,7540.0,29948.0,28236.878999999997,65724.879
2392,148677.77,45% rate,7540.0,29948.0,10591.996499999996,48079.996499999994
2395,123569.02,40% rate,7540.0,29319.608000000004,0.0,36859.60800000001
2396,49878.87,20% rate,7461.774000000001,0.0,0.0,7461.774000000001
2398,45744.5,20% rate,6634.900000000001,0.0,0.0,6634.900000000001
2400,41054.64,20% rate,5696.928,0.0,0.0,5696.928
2401,132086.05,45% rate,7540.0,29948.0,3125.722499999995,40613.722499999996
2402,52684.07,40% rate,7540.0,965.6279999999999,0.0,8505.628
2405,81826.25,40% rate,7540.0,12622.5,0.0,20162.5
2409,25801.43,20% rate,2646.286,0.0,0.0,2646.286
2413,62634.35,40% rate,7540.0,4945.74,0.0,12485.74
2416,60571.45,40% rate,7540.0,4120.579999999999,0.0,11660.579999999998
2417,176182.44,45% rate,7540.0,29948.0,22969.098,60457.098
2418,65726.04,40% rate,7540.0,6182.415999999997,0.0,13722.415999999997
2422,182902.11000000002,45% rate,7540.0,29948.0,25992.949500000006,63480.9495
2423,86661.02,40% rate,7540.0,14556.408000000003,0.0,22096.408000000003
2424,154116.44,45% rate,7540.0,29948.0,13039.398000000001,50527.398
2427,165530.33,45% rate,7540.0,29948.0,18175.648499999996,55663.648499999996
2430,72123.28,40% rate,7540.0,8741.312,0.0,16281.312
2431,180042.76,45% rate,7540.0,29948.0,24706.242000000006,62194.242000000006
2433,19408.8,20% rate,1367.76,0.0,0.0,1367.76
2434,152003.37,45% rate,7540.0,29948.0,12088.516499999998,49576.5165
2435,191151.27,45% rate,7540.0,29948.0,29705.071499999995,67193.07149999999
2443,41980.46,20% rate,5882.092000000001,0.0,0.0,5882.092000000001
2444,180975.99,45% rate,7540.0,29948.0,25126.195499999998,62614.1955
2445,182568.49,45% rate,7540.0,29948.0,25842.820499999998,63330.8205
2448,101532.78,40% rate,7540.0,20505.112,0.0,28045.112
2453,78806.94,40% rate,7540.0,11414.776000000002,0.0,18954.776
2456,54194.39,40% rate,7540.0,1569.7559999999999,0.0,9109.756
2458,25426.02,20% rate,2571.204,0.0,0.0,2571.204
2459,186224.35,45% rate,7540.0,29948.0,27487.957500000004,64975.957500000004
2465,65886.6,40% rate,7540.0,6246.640000000003,0.0,13786.640000000003
2468,60485.770000000004,40% rate,7540.0,4086.308000000002,0.0,11626.308
2470,31474.4,20% rate,3780.8800000000006,0.0,0.0,3780.8800000000006
2474,139616.38999999998,45% rate,7540.0,29948.0,6514.375499999994,44002.375499999995
2475,46625.93,20% rate,6811.186000000001,0.0,0.0,6811.186000000001
2476,52943.35,40% rate,7540.0,1069.3399999999995,0.0,8609.34
2477,113779.02,40% rate,7540.0,25403.608000000004,0.0,32943.60800000001
2478,122319.45999999999,40% rate,7540.0,28819.784,0.0,36359.784
2480,119982.82,40% rate,7540.0,27885.128000000004,0.0,35425.128000000004
2482,114982.74,40% rate,7540.0,25885.096000000005,0.0,33425.096000000005
2485,39101.75,20% rate,5306.35,0.0,0.0,5306.35
2487,104050.17,40% rate,7540.0,21512.068,0.0,29052.068
2491,176030.99,45% rate,7540.0,29948.0,22900.945499999998,60388.9455
2492,20907.94,20% rate,1667.5879999999997,0.0,0.0,1667.5879999999997
2499,37835.14,20% rate,5053.028,0.0,0.0,5053.028
2500,178007.76,45% rate,7540.0,29948.0,23790.492000000006,61278.492000000006
2501,118973.34,40% rate,7540.0,27481.336,0.0,35021.335999999996
2503,80262.71,40% rate,7540.0,11997.084000000003,0.0,19537.084000000003
2504,60319.91,40% rate,7540.0,4019.9640000000018,0.0,11559.964000000002
2505,155941.21,45% rate,7540.0,29948.0,13860.544499999996,51348.544499999996
2507,184697.4,45% rate,7540.0,29948.0,26800.829999999998,64288.83
2510,72943.67,40% rate,7540.0,9069.467999999999,0.0,16609.468
2511,129088.54000000001,45% rate,7540.0,29948.0,1776.8430000000037,39264.843
2512,169286.01,45% rate,7540.0,29948.0,19865.704500000003,57353.70450000001
2516,186297.1,45% rate,7540.0,29948.0,27520.695000000003,65008.69500000001
2521,150540.37,45% rate,7540.0,29948.0,11430.166499999998,48918.1665
2522,72169.04,40% rate,7540.0,8759.615999999998,0.0,16299.615999999998
2525,138347.5,45% rate,7540.0,29948.0,5943.375,43431.375
2526,198680.49,45% rate,7540.0,29948.0,33093.220499999996,70581.2205
2528,195524.22999999998,45% rate,7540.0,29948.0,31672.903499999993,69160.90349999999
2532,67997.99,40% rate,7540.0,7091.196000000003,0.0,14631.196000000004
2533,51302.86,40% rate,7540.0,413.14400000000023,0.0,7953.144
2534,103519.36,40% rate,7540.0,21299.744000000002,0.0,28839.744000000002
2536,66071.67,40% rate,7540.0,6320.668,0.0,13860.668
2539,72234.45999999999,40% rate,7540.0,8785.783999999998,0.0,16325.783999999998
2541,87243.36,40% rate,7540.0,14789.344000000001,0.0,22329.344
2543,55746.91,40% rate,7540.0,2190.7640000000015,0.0,9730.764000000001
2545,166690.49,45% rate,7540.0,29948.0,18697.720499999996,56185.720499999996
2549,99909.3,40% rate,7540.0,19855.72,0.0,27395.72
2551,97607.73,40% rate,7540.0,18935.092,0.0,26475.092
2554,156030.24,45% rate,7540.0,29948.0,13900.607999999997,51388.60799999999
2557,58851.32,40% rate,7540.0,3432.5280000000002,0.0,10972.528
2559,22795.86,20% rate,2045.1720000000003,0.0,0.0,2045.1720000000003
2560,152650.85,45% rate,7540.0,29948.0,12379.882500000003,49867.88250000001
2563,54538.119999999995,40% rate,7540.0,1707.2479999999982,0.0,9247.247999999998
2567,28948.18,20% rate,3275.6360000000004,0.0,0.0,3275.6360000000004
2569,184253.08,45% rate,7540.0,29948.0,26600.885999999995,64088.886
2570,115100.88,40% rate,7540.0,25932.352000000003,0.0,33472.352
2572,65746.44,40% rate,7540.0,6190.576000000001,0.0,13730.576000000001
2573,188862.13999999998,45% rate,7540.0,29948.0,28674.962999999992,66162.96299999999
2575,175045.19,45% rate,7540.0,29948.0,22457.3355,59945.3355
2577,120523.47,40% rate,7540.0,28101.388000000003,0.0,35641.388000000006
2580,134993.49,45% rate,7540.0,29948.0,4434.070499999996,41922.070499999994
2582,71088.70999999999,40% rate,7540.0,8327.483999999997,0.0,15867.483999999997
2583,124095.73,40% rate,7540.0,29530.292,0.0,37070.292
2584,108754.33,40% rate,7540.0,23393.732000000004,0.0,30933.732000000004
2585,139724.54,45% rate,7540.0,29948.0,6563.043000000004,44051.043000000005
2588,46942.81,20% rate,6874.562,0.0,0.0,6874.562
2590,153940.68,45% rate,7540.0,29948.0,12960.305999999997,50448.306
2592,152512.31,45% rate,7540.0,29948.0,12317.539499999999,49805.5395
2594,95556.62,40% rate,7540.0,18114.647999999997,0.0,25654.647999999997
2595,179070.84,45% rate,7540.0,29948.0,24268.878,61756.878
2598,98968.43,40% rate,7540.0,19479.372,0.0,27019.372
2600,13196.25,20% rate,125.25,0.0,0.0,125.25
2602,26803.78,20% rate,2846.756,0.0,0.0,2846.756
2606,39217.74,20% rate,5329.548,0.0,0.0,5329.548
2608,112420.64,40% rate,7540.0,24860.256,0.0,32400.256
2611,50656.32,40% rate,7540.0,154.5279999999999,0.0,7694.528
2615,71241.64,40% rate,7540.0,8388.656,0.0,15928.656
2617,98406.21,40% rate,7540.0,19254.484000000004,0.0,26794.484000000004
2618,37977.54,20% rate,5081.508000000001,0.0,0.0,5081.508000000001
2620,15281.05,20% rate,542.2099999999999,0.0,0.0,542.2099999999999
2623,183764.27,45% rate,7540.0,29948.0,26380.921499999997,63868.9215
2624,50238.9,20% rate,7533.780000000001,0.0,0.0,7533.780000000001
2625,89808.16,40% rate,7540.0,15815.264000000003,0.0,23355.264000000003
2630,34900.62,20% rate,4466.124000000001,0.0,0.0,4466.124000000001
2634,97989.88,40% rate,7540.0,19087.952,0.0,26627.952
2635,131460.16,45% rate,7540.0,29948.0,2844.0720000000015,40332.072
2636,171012.77,45% rate,7540.0,29948.0,20642.746499999997,58130.746499999994
2638,136290.16999999998,45% rate,7540.0,29948.0,5017.576499999993,42505.576499999996
2641,113523.73,40% rate,7540.0,25301.492,0.0,32841.492
2647,123668.84999999999,40% rate,7540.0,29359.539999999997,0.0,36899.53999999999
2655,141049.33,45% rate,7540.0,29948.0,7159.198499999994,44647.19849999999
2657,71079.41,40% rate,7540.0,8323.764000000001,0.0,15863.764000000001
2658,49755.53,20% rate,7437.106,0.0,0.0,7437.106
2660,116967.85,40% rate,7540.0,26679.140000000003,0.0,34219.14
2661,142647.07,45% rate,7540.0,29948.0,7878.181500000003,45366.181500000006
2662,14667.61,20% rate,419.52200000000016,0.0,0.0,419.52200000000016
2663,42330.270000000004,20% rate,5952.054000000001,0.0,0.0,5952.054000000001
2676,147932.43,45% rate,7540.0,29948.0,10256.593499999997,47744.593499999995
2677,122114.21,40% rate,7540.0,28737.684000000005,0.0,36277.68400000001
2679,19836.04,20% rate,1453.2080000000003,0.0,0.0,1453.2080000000003
2681,109269.96,40% rate,7540.0,23599.984000000004,0.0,31139.984000000004
2683,70400.14,40% rate,7540.0,8052.0560000000005,0.0,15592.056
2685,147286.67,45% rate,7540.0,29948.0,9966.001500000006,47454.001500000006
2687,48326.17,20% rate,7151.234,0.0,0.0,7151.234
2688,42605.82,20% rate,6007.164000000001,0.0,0.0,6007.164000000001
2689,131073.12,45% rate,7540.0,29948.0,2669.903999999998,40157.903999999995
2690,90803.83,40% rate,7540.0,16213.532000000001,0.0,23753.532
2695,38587.38,20% rate,5203.476,0.0,0.0,5203.476
2696,91179.41,40% rate,7540.0,16363.764000000003,0.0,23903.764000000003
2698,77247.68000000001,40% rate,7540.0,10791.072000000004,0.0,18331.072000000004
2701,132078.79,45% rate,7540.0,29948.0,3122.4555000000037,40610.455500000004
2702,81670.41,40% rate,7540.0,12560.164000000002,0.0,20100.164000000004
2703,137928.06,45% rate,7540.0,29948.0,5754.6269999999995,43242.627
2706,43505.64,20% rate,6187.128000000001,0.0,0.0,6187.128000000001
2708,101896.0,40% rate,7540.0,20650.4,0.0,28190.4
2711,172748.38,45% rate,7540.0,29948.0,21423.771000000004,58911.77100000001
2712,90373.73,40% rate,7540.0,16041.491999999998,0.0,23581.492
2714,149629.82,45% rate,7540.0,29948.0,11020.419000000004,48508.419
2717,36431.65,20% rate,4772.330000000001,0.0,0.0,4772.330000000001
2721,45792.08,20% rate,6644.416000000001,0.0,0.0,6644.416000000001
2722,48495.32,20% rate,7185.064,0.0,0.0,7185.064
2723,12858.81,20% rate,57.7619999999999,0.0,0.0,57.7619999999999
2724,40735.28,20% rate,5633.0560000000005,0.0,0.0,5633.0560000000005
2725,70169.2,40% rate,7540.0,7959.679999999999,0.0,15499.68
2726,125684.94,45% rate,7540.0,29948.0,245.22300000000106,37733.223
2727,56358.1,40% rate,7540.0,2435.2399999999993,0.0,9975.24
2730,40322.34,20% rate,5550.468,0.0,0.0,5550.468
2732,133151.58,45% rate,7540.0,29948.0,3605.2109999999943,41093.210999999996
2737,19695.05,20% rate,1425.01,0.0,0.0,1425.01
2738,171191.12,45% rate,7540.0,29948.0,20723.003999999997,58211.004
2744,38606.01,20% rate,5207.202000000001,0.0,0.0,5207.202000000001
2745,36363.229999999996,20% rate,4758.646,0.0,0.0,4758.646
2746,128042.56,45% rate,7540.0,29948.0,1306.151999999999,38794.152
2747,173601.1,45% rate,7540.0,29948.0,21807.495000000003,59295.495
2748,27109.1,20% rate,2907.8199999999997,0.0,0.0,2907.8199999999997
2749,99825.95,40% rate,7540.0,19822.38,0.0,27362.38
2752,12903.84,20% rate,66.76800000000003,0.0,0.0,66.76800000000003
2754,18022.98,20% rate,1090.596,0.0,0.0,1090.596
2755,85530.33,40% rate,7540.0,14104.132000000001,0.0,21644.132
2759,55327.990000000005,40% rate,7540.0,2023.1960000000022,0.0,9563.196000000002
2760,103621.62,40% rate,7540.0,21340.648,0.0,28880.648
2766,188978.37,45% rate,7540.0,29948.0,28727.266499999998,66215.2665
2772,145248.98,45% rate,7540.0,29948.0,9049.041000000005,46537.041000000005
2778,103264.02,40% rate,7540.0,21197.608000000004,0.0,28737.608000000004
2785,169515.61,45% rate,7540.0,29948.0,19969.024499999996,57457.0245
2788,111774.06,40% rate,7540.0,24601.624,0.0,32141.624
2794,59587.12,40% rate,7540.0,3726.8480000000013,0.0,11266.848000000002
2796,165834.62,45% rate,7540.0,29948.0,18312.578999999998,55800.579
2798,34368.04,20% rate,4359.608,0.0,0.0,4359.608
2800,184998.82,45% rate,7540.0,29948.0,26936.469000000005,64424.469000000005
2801,111983.66,40% rate,7540.0,24685.464000000004,0.0,32225.464000000004
2802,77115.37,40% rate,7540.0,10738.148,0.0,18278.148
2803,116481.21,40% rate,7540.0,26484.484000000004,0.0,34024.484000000004
2807,99038.83,40% rate,7540.0,19507.532000000003,0.0,27047.532000000003
2808,144453.07,45% rate,7540.0,29948.0,8690.881500000003,46178.8815
2810,52118.42,40% rate,7540.0,739.3679999999994,0.0,8279.367999999999
2815,16182.94,20% rate,722.5880000000002,0.0,0.0,722.5880000000002
2817,126422.79000000001,45% rate,7540.0,29948.0,577.2555000000037,38065.25550000001
2818,81660.63,40% rate,7540.0,12556.252000000002,0.0,20096.252
2820,27443.78,20% rate,2974.756,0.0,0.0,2974.756
2825,162554.16,45% rate,7540.0,29948.0,16836.372000000003,54324.372
2829,118354.39,40% rate,7540.0,27233.756,0.0,34773.756
2834,130696.87,45% rate,7540.0,29948.0,2500.591499999998,39988.591499999995
2835,51035.41,40% rate,7540.0,306.1640000000014,0.0,7846.164000000002
2836,135456.18,45% rate,7540.0,29948.0,4642.280999999997,42130.280999999995
2840,133503.16,45% rate,7540.0,29948.0,3763.422000000002,41251.422
2842,79266.36,40% rate,7540.0,11598.544000000002,0.0,19138.544
2844,104086.11,40% rate,7540.0,21526.444000000003,0.0,29066.444000000003
2846,168955.52,45% rate,7540.0,29948.0,19716.983999999997,57204.984
2849,195669.25,45% rate,7540.0,29948.0,31738.162500000002,69226.1625
2853,87971.48,40% rate,7540.0,15080.591999999999,0.0,22620.591999999997
2860,183760.22,45% rate,7540.0,29948.0,26379.099000000002,63867.099
2861,132402.07,45% rate,7540.0,29948.0,3267.9315000000033,40755.931500000006
2862,50447.76,40% rate,7540.0,71.10400000000082,0.0,7611.104000000001
2870,74745.58,40% rate,7540.0,9790.232000000002,0.0,17330.232000000004
2871,23144.32,20% rate,2114.864,0.0,0.0,2114.864
2872,116186.54999999999,40% rate,7540.0,26366.619999999995,0.0,33906.619999999995
2873,162927.45,45% rate,7540.0,29948.0,17004.352500000005,54492.35250000001
2874,52448.3,40% rate,7540.0,871.3200000000012,0.0,8411.320000000002
2881,178822.19,45% rate,7540.0,29948.0,24156.985500000003,61644.9855
2884,175231.75,45% rate,7540.0,29948.0,22541.287500000002,60029.287500000006
2886,93440.22,40% rate,7540.0,17268.088,0.0,24808.088
2887,198133.39,45% rate,7540.0,29948.0,32847.02550000001,70335.02550000002
2891,44030.87,20% rate,6292.174000000001,0.0,0.0,6292.174000000001
2893,149931.57,45% rate,7540.0,29948.0,11156.206500000004,48644.2065
2894,49770.56,20% rate,7440.112,0.0,0.0,7440.112
2895,62270.6,40% rate,7540.0,4800.24,0.0,12340.24
2896,73804.81,40% rate,7540.0,9413.923999999999,0.0,16953.924
2903,166387.66999999998,45% rate,7540.0,29948.0,18561.451499999992,56049.451499999996
2908,155333.57,45% rate,7540.0,29948.0,13587.106500000004,51075.1065
2910,70172.65000000001,40% rate,7540.0,7961.060000000004,0.0,15501.060000000005
2913,86590.49,40% rate,7540.0,14528.196000000004,0.0,22068.196000000004
2914,113760.27,40% rate,7540.0,25396.108000000004,0.0,32936.10800000001
2917,152901.88,45% rate,7540.0,29948.0,12492.846000000003,49980.846000000005
2921,103222.25,40% rate,7540.0,21180.9,0.0,28720.9
2923,95676.31,40% rate,7540.0,18162.524,0.0,25702.524
2926,160244.05,45% rate,7540.0,29948.0,15796.822499999995,53284.822499999995
2927,125913.84,45% rate,7540.0,29948.0,348.2279999999984,37836.227999999996
2928,156023.69,45% rate,7540.0,29948.0,13897.660500000002,51385.6605
2930,140905.08,45% rate,7540.0,29948.0,7094.285999999995,44582.28599999999
2931,120955.88,40% rate,7540.0,28274.352000000003,0.0,35814.352
2932,82838.36,40% rate,7540.0,13027.344000000001,0.0,20567.344
2936,30954.03,20% rate,3676.806,0.0,0.0,3676.806
2938,123837.45,40% rate,7540.0,29426.98,0.0,36966.979999999996
2939,151465.38,45% rate,7540.0,29948.0,11846.421000000002,49334.421
2942,94543.56999999999,40% rate,7540.0,17709.427999999996,0.0,25249.427999999996
2943,34013.81,20% rate,4288.762,0.0,0.0,4288.762
2946,97238.89,40% rate,7540.0,18787.556,0.0,26327.556
2948,22942.47,20% rate,2074.494,0.0,0.0,2074.494
2950,99513.22,40% rate,7540.0,19697.288,0.0,27237.288
2952,123985.64,40% rate,7540.0,29486.256,0.0,37026.256
2953,160944.32,45% rate,7540.0,29948.0,16111.944000000003,53599.944
2958,114703.48000000001,40% rate,7540.0,25773.392000000007,0.0,33313.39200000001
2959,116412.02,40% rate,7540.0,26456.808000000005,0.0,33996.808000000005
2960,22708.239999999998,20% rate,2027.6479999999997,0.0,0.0,2027.6479999999997
2963,33448.46,20% rate,4175.692,0.0,0.0,4175.692
2965,131473.28,45% rate,7540.0,29948.0,2849.9759999999997,40337.976
2966,141816.08,45% rate,7540.0,29948.0,7504.235999999994,44992.236
2972,171734.83,45% rate,7540.0,29948.0,20967.673499999994,58455.67349999999
2974,23172.14,20% rate,2120.428,0.0,0.0,2120.428
2976,161059.05,45% rate,7540.0,29948.0,16163.572499999995,53651.572499999995
2977,168334.4,45% rate,7540.0,29948.0,19437.48,56925.479999999996
2979,90823.15,40% rate,7540.0,16221.259999999998,0.0,23761.26
2980,187773.51,45% rate,7540.0,29948.0,28185.079500000003,65673.0795
2985,160884.02000000002,45% rate,7540.0,29948.0,16084.809000000008,53572.80900000001
2986,47609.880000000005,20% rate,7007.9760000000015,0.0,0.0,7007.9760000000015
2990,133088.95,45% rate,7540.0,29948.0,3577.027500000005,41065.027500000004
2991,142427.19,45% rate,7540.0,29948.0,7779.235500000002,45267.2355
2992,108178.55,40% rate,7540.0,23163.420000000002,0.0,30703.420000000002
2994,111712.65,40% rate,7540.0,24577.059999999998,0.0,32117.059999999998
2995,134668.02,45% rate,7540.0,29948.0,4287.608999999996,41775.609
2997,32379.93,20% rate,3961.9860000000003,0.0,0.0,3961.9860000000003
2998,24647.13,20% rate,2415.4260000000004,0.0,0.0,2415.4260000000004
2999,85976.3,40% rate,7540.0,14282.520000000002,0.0,21822.520000000004
